"song_id","society_id","Religious","Dance","Mourning","Healing","Lullaby","group"
4428,10027,0,1,0,0,0,1
4429,10027,0,1,0,0,0,1
4430,10027,0,1,0,0,0,1
4431,10027,0,1,0,0,0,0
4431,10027,0,1,0,0,0,1
1937,10099,1,1,0,0,0,1
1936,10099,0,1,0,0,0,0
1933,10099,0,0,1,0,0,1
1931,10099,0,1,0,0,0,1
9975,10247,0,1,0,0,0,1
9977,10247,0,1,0,0,0,1
9978,10247,0,1,0,0,0,1
3452,10495,0,0,0,1,0,1
3453,10495,0,0,0,1,0,0
709,10495,1,0,0,0,0,0
4275,10528,1,1,0,0,0,1
4276,10528,0,1,0,0,0,1
293,11067,0,1,0,0,0,1
2573,11155,0,1,0,0,0,1
2572,11155,0,1,0,0,0,1
2576,11155,0,1,0,0,0,1
2577,11155,0,1,0,0,0,1
2575,11155,0,0,1,0,0,1
2579,11155,0,0,1,0,0,1
2920,11215,0,1,0,0,0,1
448,11364,0,1,0,0,0,1
3602,11529,0,1,0,0,0,1
3600,11529,0,1,0,0,0,1
9255,11600,1,0,0,0,0,1
2169,11672,1,0,0,0,0,1
3298,11672,0,1,0,0,0,1
3299,11672,0,1,0,0,0,1
2172,11672,0,1,0,0,0,1
2173,11672,0,1,0,0,0,0
2173,11672,0,1,0,0,0,1
3300,11672,0,0,1,0,0,1
1914,11793,0,0,0,0,1,1
1490,11870,0,1,0,0,0,1
2204,11870,1,1,1,0,0,1
1493,11870,1,1,1,0,0,1
457,11870,0,1,0,0,0,1
1495,11870,0,1,0,0,0,1
9490,11870,1,1,0,0,0,1
9265,11892,0,1,0,0,0,1
1954,12002,0,1,0,0,0,1
9927,12084,1,0,0,0,0,1
9928,12084,0,1,0,0,0,1
9931,12084,0,0,1,0,0,1
3304,12112,0,1,0,0,0,1
3664,12112,0,1,0,0,0,1
3663,12112,0,1,0,0,0,1
3665,12112,0,1,0,0,0,1
2187,12112,0,1,0,0,0,1
9264,12480,0,1,0,0,0,1
2148,12783,0,1,0,0,0,1
2147,12783,1,0,0,0,0,1
2151,12783,0,0,1,0,0,1
2152,12783,0,1,0,0,0,1
2153,12783,0,1,0,0,0,1
2154,12783,0,1,0,0,0,1
2158,12783,0,1,0,0,0,1
1911,13388,0,1,0,0,0,1
1910,13388,0,1,0,0,0,1
297,13795,0,1,0,0,0,1
3099,13795,0,1,0,0,0,1
3100,13795,0,1,0,0,0,1
1694,13806,0,1,0,0,0,1
1690,13806,0,0,1,0,0,1
1687,13806,0,1,0,0,0,1
1692,13806,0,0,1,0,0,1
1691,13806,0,1,0,0,0,1
2357,14004,1,0,0,0,0,0
2356,14004,0,1,0,0,0,1
2355,14004,0,1,0,0,0,0
2354,14004,0,1,0,0,0,1
2055,14576,0,1,0,0,0,1
2050,14576,0,0,1,0,0,0
1640,14598,0,1,0,0,0,1
1642,14598,0,0,1,0,0,1
1641,14598,0,0,1,0,0,1
2090,14675,0,1,1,0,0,1
1664,14675,0,0,1,0,0,1
2091,14675,0,0,1,0,0,1
2092,14675,0,1,0,0,0,1
2089,14675,0,0,1,0,0,1
9147,14675,0,0,1,0,0,1
2144,15027,1,1,0,0,0,0
2144,15027,1,1,0,0,0,1
2146,15027,1,1,0,0,0,1
2145,15027,0,1,0,0,0,1
2140,15027,1,0,0,0,0,1
2139,15027,0,1,0,0,0,0
2139,15027,0,1,0,0,0,1
2138,15027,0,1,0,0,0,1
2137,15027,0,1,0,0,0,1
30157,15280,0,0,1,0,0,1
2198,15390,0,1,0,0,0,1
221,15544,0,1,0,0,0,1
222,15544,0,1,0,0,0,1
223,15544,0,1,0,0,0,1
218,15544,0,1,0,0,0,1
4197,15566,0,1,0,0,0,1
4198,15566,0,1,0,0,0,1
421,15577,0,1,0,0,0,1
333,15577,0,1,0,0,0,1
420,15577,0,0,0,0,1,0
2565,15577,0,0,0,0,1,0
2568,15577,0,0,1,0,0,0
2527,15687,1,0,0,0,0,1
30019,15995,0,0,1,0,0,1
423,16292,0,0,1,0,0,1
3223,16402,0,1,0,0,0,1
3221,16402,0,1,0,0,0,1
3224,16402,0,1,0,0,0,1
3222,16402,0,1,0,0,0,1
4300,16578,0,1,0,0,0,1
2690,16688,0,1,0,0,0,1
2688,16688,0,0,1,0,0,0
2694,16688,1,0,0,0,0,1
2689,16688,0,1,0,0,0,1
2692,16688,0,1,0,0,0,1
2695,16688,0,1,0,0,0,1
2696,16688,0,1,0,0,0,1
30131,16787,0,0,1,0,0,0
30131,16787,0,0,1,0,0,1
2196,16996,1,0,0,0,0,0
4313,17535,0,1,0,0,0,0
4314,17535,1,0,0,0,0,1
302,17997,0,1,0,0,0,1
301,17997,0,1,0,0,0,1
9160,19014,0,0,1,0,0,1
459,19022,0,1,0,0,0,1
9228,19022,0,0,0,1,0,1
460,19053,1,0,0,0,0,1
9214,19086,1,0,0,0,0,0
244,19262,0,1,0,1,0,1
30050,19262,1,1,0,0,0,1
30051,19262,1,0,0,0,0,1
30055,19262,0,0,0,1,0,1
30054,19262,1,0,0,1,0,1
9368,19262,0,0,0,1,0,1
2474,19614,0,1,0,0,0,1
2473,19614,0,1,0,0,0,1
2475,19614,0,0,1,0,0,0
2471,19614,0,1,0,0,0,1
2472,19614,0,1,0,0,0,1
230,19856,1,0,0,0,0,1
2413,20098,0,1,0,0,0,1
2414,20098,0,1,0,0,0,1
2416,20098,0,1,0,0,0,1
2415,20098,0,1,0,1,0,1
2417,20098,0,0,1,0,0,1
2411,20098,0,0,1,0,0,1
2698,20131,0,1,0,0,0,1
309,20219,0,1,0,0,0,1
2911,20219,0,0,1,0,0,1
2697,20219,0,1,0,0,0,1
2700,20219,0,1,0,0,0,1
3203,20230,0,1,0,0,0,1
3206,20230,0,1,0,0,0,1
3207,20230,0,1,0,0,0,1
3200,20230,0,1,0,0,0,1
3199,20230,0,1,0,0,0,1
3198,20230,0,1,0,0,0,1
2396,20241,0,1,0,0,0,1
3102,20252,0,1,0,0,0,1
3103,20252,0,1,0,0,0,1
3104,20252,0,1,0,0,0,1
3097,20252,0,1,0,0,0,1
2181,20439,0,0,0,1,0,1
2180,20439,1,0,0,0,0,1
9428,20477,0,1,0,0,0,1
3177,20615,1,1,0,0,0,1
3176,20615,0,1,0,0,0,1
3175,20615,0,1,0,0,0,1
9419,20615,0,1,0,0,0,1
2795,20681,0,0,1,0,0,1
232,20681,0,1,0,0,0,1
3213,20967,0,1,0,0,0,0
3213,20967,0,1,0,0,0,1
2289,20967,0,1,0,0,0,1
3362,21044,0,1,0,0,0,1
3361,21044,0,1,0,0,0,1
3366,21044,0,1,0,0,0,1
3363,21044,0,1,0,0,0,1
3364,21044,0,1,0,1,0,1
3365,21044,0,1,0,0,0,1
3359,21044,0,1,0,0,0,1
314,21077,0,1,0,0,0,1
30004,21110,1,0,0,0,0,1
30005,21110,1,0,0,0,0,1
251,21132,0,1,0,0,0,1
9227,21132,1,1,0,0,0,1
9111,21132,0,1,0,0,0,1
2113,21242,0,1,0,0,0,1
3317,21242,0,1,0,0,0,1
9115,21253,0,1,0,0,0,1
9247,21737,0,1,0,0,0,1
698,21737,1,1,0,0,0,1
4401,21951,0,1,0,0,0,1
241,22166,0,1,0,0,0,1
2406,22166,0,1,0,0,0,1
2404,22166,0,1,0,0,0,1
2407,22166,0,1,0,0,0,1
2408,22166,0,1,0,0,0,1
2410,22166,0,1,0,0,0,1
2409,22166,0,1,0,0,0,1
2585,22276,0,1,0,0,0,0
2586,22276,0,1,0,0,0,1
2587,22276,0,1,0,0,0,1
2582,22276,0,0,1,0,0,0
270,22276,0,0,0,1,0,0
269,22276,0,1,0,0,0,1
316,22331,0,0,1,0,0,1
261,22573,0,1,0,0,0,1
1519,22848,0,0,0,0,1,0
1521,22848,0,1,0,0,0,1
1522,22848,0,1,0,0,0,1
9263,22848,0,1,0,0,0,1
4194,22861,0,1,0,0,0,0
4193,22863,0,1,0,0,0,1
4187,22867,0,0,1,0,0,1
4184,22868,0,1,0,0,0,1
2034,22870,0,0,1,0,0,1
2026,22870,1,0,0,0,0,1
2025,22870,1,0,0,0,0,1
2028,22870,1,0,0,0,0,1
425,23073,0,1,0,0,0,1
1729,23464,0,0,1,0,0,1
1968,23464,0,0,1,0,0,0
1961,23464,0,0,1,0,0,1
1962,23464,0,0,1,0,0,1
1963,23464,0,0,1,0,0,1
2098,23882,1,1,0,0,0,1
277,23882,0,1,0,0,0,1
2167,24707,0,1,0,0,0,1
2101,24707,0,1,0,0,0,1
2110,24707,0,0,1,0,0,1
2175,24707,0,1,1,0,0,1
2178,24707,0,1,0,0,0,1
25,24707,1,0,0,1,0,1
2061,25411,0,1,0,0,0,1
2060,25411,0,0,0,1,0,1
2067,25411,0,1,0,0,0,1
3295,25444,0,1,0,0,0,1
3294,25444,0,1,0,0,0,1
1588,25444,0,1,0,0,0,0
3293,25444,0,1,0,0,0,1
3290,25444,0,1,0,0,0,1
9602,25444,1,1,0,0,0,0
9603,25444,1,1,0,0,0,1
2679,25466,0,1,0,0,0,0
2679,25466,0,1,0,0,0,1
2680,25466,0,1,0,0,0,1
2264,25917,0,1,0,0,0,1
2265,25917,0,1,0,0,0,1
9932,26195,0,1,0,0,0,1
1649,26522,0,1,0,0,0,1
1652,26522,0,1,0,0,0,1
1650,26522,1,1,0,0,0,1
2108,26533,0,1,1,0,0,1
2109,26533,0,1,1,0,0,1
3301,26533,0,1,0,0,0,1
2095,26797,0,0,0,0,1,1
321,27017,0,1,0,0,0,1
2079,27314,1,1,0,0,0,1
464,27314,0,0,1,0,0,1
3631,27314,0,0,1,0,0,1
2078,27314,1,0,0,0,0,1
961,27369,0,1,0,0,0,1
1486,27369,0,1,0,0,0,1
3428,27369,0,1,0,0,0,1
798,27369,0,1,0,0,0,1
427,27369,1,0,1,0,0,1
3209,27545,0,1,0,0,0,1
9246,27545,0,0,1,0,0,1
263,28172,0,1,1,0,0,1
265,28172,0,0,1,0,0,1
4349,28507,0,1,0,0,0,1
3033,28744,0,1,0,0,0,1
3038,28744,0,1,0,0,0,0
3034,28744,0,1,0,0,0,1
3036,28744,1,0,0,0,0,1
273,28821,0,1,0,0,0,1
274,28821,1,0,0,0,0,1
4174,29228,0,1,0,0,0,1
2284,29360,0,1,0,0,0,1
290,29360,0,1,0,0,0,1
30008,30002,0,0,1,0,0,1
30011,30003,1,0,0,0,0,1
30013,30006,1,0,0,0,0,1
30027,30009,0,0,1,0,0,0
30027,30009,0,0,1,0,0,1
30045,30013,0,1,0,0,0,1
30087,30021,1,0,0,0,0,1
30142,30024,0,0,1,0,0,1
30176,30042,1,0,0,0,0,1
30183,30043,0,1,0,0,0,1
30185,30045,0,1,0,0,0,1
30101,30134,0,1,0,0,0,1
30102,30134,0,1,0,0,0,1
30171,30163,0,1,0,0,0,1
30154,30167,0,1,0,0,0,1
30155,30167,0,1,0,0,0,1
30156,30167,1,0,1,0,0,1
30168,30174,0,1,0,0,0,1
30150,30187,1,0,0,0,0,1
30151,30187,1,0,0,0,0,1
30189,30193,0,1,1,0,0,1
30192,30193,0,1,0,0,0,1
30191,30193,0,1,0,0,0,1
285,62559,0,1,0,0,0,1
286,62559,0,0,1,0,0,0
284,62559,0,1,0,0,0,1
3438,62560,0,1,0,0,0,1
3437,62560,0,1,0,0,0,1
30056,62562,1,0,0,0,0,1
30059,62562,0,1,0,0,0,1
30060,62562,0,1,0,0,0,1
30061,62562,0,1,0,0,0,1
246,62563,1,1,0,0,0,1
2280,62563,0,1,0,0,0,1
2279,62563,0,1,0,0,0,1
2922,62563,0,1,0,0,0,1
9262,62563,1,0,0,0,0,1
2176,62572,0,1,0,0,0,1
307,62573,0,1,0,0,0,1
704,62581,0,0,0,0,1,0
955,62582,1,1,0,0,0,1
954,62582,1,0,0,0,0,0
3219,62585,0,1,0,0,0,1
3217,62586,1,0,0,0,0,0
3297,62593,0,1,0,0,0,1
1214,11078,0,1,0,0,0,0
1215,11078,0,0,1,0,0,0
1216,11078,0,1,0,0,0,1
1223,11078,1,0,0,0,0,0
3658,11080,0,0,0,0,1,1
2923,21946,0,1,0,0,0,1
2924,21946,1,0,1,0,0,1
2927,21946,0,0,1,0,0,1
2929,21946,0,0,1,0,0,1
2926,21946,0,0,1,0,0,1
1461,23728,0,1,0,0,0,1
37,23728,1,0,0,0,0,0
9466,30073,0,1,0,0,0,0
1225,30073,1,1,0,0,0,0
1220,30073,1,0,0,0,0,0
1208,30074,0,1,0,0,0,1
1212,30074,1,0,0,0,0,0
1213,30074,1,0,0,0,0,0
1219,30077,1,0,1,0,0,0
1227,30080,0,1,0,0,0,1
9312,30080,0,0,0,1,0,0
1226,30084,0,1,0,0,0,1
2925,30098,0,1,1,0,0,1
2928,30098,0,1,0,0,0,1
2930,30098,0,1,0,0,0,1
9232,30098,0,1,0,0,0,1
9370,62533,1,0,0,0,0,1
9365,10605,1,0,0,0,0,1
1065,10671,1,1,0,0,0,1
1171,10671,0,1,0,0,0,1
1066,10671,0,1,0,0,0,1
1051,10671,0,1,0,0,0,1
1052,10671,0,1,0,0,0,1
1053,10671,0,1,0,0,0,1
1061,10671,0,1,0,0,0,1
1276,13223,1,0,0,0,0,1
1275,13223,1,0,0,0,0,1
1463,13223,1,0,0,0,0,1
1320,13223,0,0,1,0,0,1
1318,13223,1,0,0,0,0,1
1150,13223,0,1,0,0,0,1
1148,13223,0,1,0,0,0,1
1149,13223,0,1,0,0,0,1
1151,13223,0,1,0,0,0,1
1153,13223,0,1,0,0,0,1
1152,13223,0,1,0,0,0,1
1154,13223,0,1,0,0,0,1
1155,13223,0,1,0,0,0,1
1167,13223,0,1,0,0,0,1
1169,13223,1,1,0,0,0,1
1170,13223,0,1,0,0,0,1
1313,13223,0,1,0,0,0,1
1312,13223,0,1,0,0,0,1
1311,13223,0,1,0,0,0,1
1310,13223,0,1,0,0,0,1
1309,13223,0,1,1,0,0,1
1308,13223,0,1,0,0,0,1
1307,13223,0,1,0,0,0,1
1306,13223,0,1,0,0,0,1
1305,13223,0,1,0,0,0,1
1304,13223,0,1,0,0,0,1
1303,13223,0,1,0,0,0,1
1301,13223,0,1,0,0,0,1
1300,13223,0,1,0,0,0,1
1299,13223,0,1,0,0,0,1
1298,13223,0,1,0,0,0,1
1297,13223,0,1,1,0,0,1
1296,13223,0,1,1,0,0,1
1295,13223,0,1,0,0,0,1
1294,13223,0,1,0,0,0,1
1289,13223,1,0,0,0,0,1
1288,13223,1,0,0,0,0,1
1287,13223,1,0,0,0,0,1
1285,13223,1,0,1,0,0,1
1283,13223,0,1,0,0,0,1
1282,13223,0,0,0,0,1,0
480,13223,1,1,0,0,0,1
9266,13223,0,1,0,0,0,1
1206,13223,0,0,0,0,1,0
2656,14081,1,0,0,0,0,0
2657,14081,1,1,0,0,0,0
2670,14081,1,1,0,0,0,0
2182,14235,1,0,0,0,0,0
2183,14235,1,0,0,0,0,0
2184,14235,1,0,0,0,0,0
2185,14235,1,0,0,0,0,0
2186,14235,1,0,0,0,0,0
2242,14235,1,0,0,1,0,0
2243,14235,0,0,0,0,1,0
2244,14235,0,0,0,0,1,0
1085,14697,0,1,0,0,0,1
1092,14697,0,1,0,0,0,1
1089,14697,0,1,0,0,0,1
1090,14697,0,1,0,0,0,1
1093,14697,0,1,0,0,0,1
1156,14697,0,1,0,0,0,0
1158,14697,0,1,0,0,0,0
1076,14697,0,0,1,0,0,1
1098,14697,0,1,0,0,0,1
1079,14697,0,1,0,0,0,1
1080,14697,0,1,0,0,0,1
1082,14697,0,1,0,0,0,1
1157,14697,0,1,0,0,0,1
1069,14697,0,0,0,0,1,0
1086,14697,0,1,0,0,0,1
1068,14697,1,0,0,0,0,1
1147,14697,0,1,0,0,0,0
1087,14697,1,0,0,0,0,1
1091,14697,0,1,0,0,0,1
1436,16138,1,0,0,0,0,1
1440,16138,1,0,0,0,0,1
1441,16138,0,0,0,0,1,0
1442,16138,0,0,0,0,1,0
1455,16138,0,1,0,0,0,1
1456,16138,0,1,0,0,0,1
1457,16138,0,1,0,0,0,1
1419,16138,1,0,0,0,0,1
1420,16138,1,0,0,0,0,1
1423,16138,1,0,0,0,0,1
1421,16138,1,0,0,0,0,1
1424,16138,1,0,0,0,0,1
1425,16138,1,0,0,0,0,1
1426,16138,1,1,0,0,0,1
1430,16138,1,0,0,0,0,1
1431,16138,1,0,0,0,0,1
1452,16138,1,0,0,0,0,1
1257,16138,0,1,0,0,0,1
1428,16138,1,0,0,0,0,1
1119,16182,0,1,0,0,0,1
1118,16182,0,1,0,0,0,1
1117,16182,0,1,0,0,0,1
1116,16182,0,1,0,0,0,1
1115,16182,0,1,0,0,0,1
1114,16182,0,1,0,0,0,1
1127,16182,0,1,0,0,0,1
1112,16182,0,1,0,0,0,1
1113,16182,0,1,0,0,0,1
3039,16446,1,1,0,0,0,1
3040,16446,1,1,0,0,0,1
3041,16446,1,1,0,0,0,1
3042,16446,0,1,1,0,0,1
3043,16446,1,1,0,0,0,1
3044,16446,1,1,0,0,0,1
154,16875,0,1,0,0,0,0
155,16875,0,1,0,0,0,1
185,16875,1,1,0,0,0,1
2753,16875,1,0,0,1,0,1
2754,16875,0,1,0,0,0,0
2755,16875,0,1,0,0,0,0
2756,16875,1,0,0,1,0,1
2757,16875,0,1,0,0,0,0
1339,17194,1,0,0,0,0,1
1338,17194,1,0,0,0,0,1
1337,17194,0,1,0,0,0,0
1336,17194,1,1,0,0,0,0
1335,17194,1,0,0,0,0,0
1334,17194,1,0,0,0,0,0
1332,17194,0,1,0,0,0,1
1331,17194,0,0,0,0,1,1
1346,17194,1,0,0,0,0,0
1342,17194,0,0,0,0,1,0
1342,17194,0,0,0,0,1,1
1340,17194,0,0,0,0,1,0
490,17480,1,0,0,0,0,1
492,17480,1,0,0,0,0,1
491,17480,1,0,0,0,0,1
157,19526,1,0,0,0,0,0
3131,19526,0,0,1,0,0,0
1126,20934,0,1,0,0,0,0
1125,20934,0,1,0,0,0,0
1124,20934,0,1,0,0,0,0
1123,20934,0,1,0,0,0,0
3190,21033,0,1,0,0,0,0
796,21055,1,0,0,0,0,0
9854,21440,0,0,1,0,0,1
9856,21440,1,0,0,0,0,1
1042,22408,0,1,0,0,0,1
1043,22408,0,0,0,0,1,1
3855,22705,1,0,0,1,0,0
3856,22705,0,0,0,0,1,1
688,23970,0,0,1,0,0,1
3257,23970,1,0,0,0,0,1
908,23970,0,1,0,0,0,1
2669,23970,0,0,1,0,0,0
1178,26137,0,1,0,0,0,1
1162,26137,0,1,0,0,0,1
1140,26137,0,1,0,0,0,0
1141,26137,0,1,0,0,0,0
1142,26137,0,1,0,0,0,0
1134,26137,1,0,0,0,0,1
1133,26137,1,0,0,0,0,1
1159,26137,1,0,0,0,0,1
1130,26137,0,0,1,0,0,1
1458,26137,0,0,1,0,0,1
1136,26137,0,1,0,0,0,1
1137,26137,0,1,0,0,0,1
1165,26137,0,1,0,0,0,1
1205,27226,0,0,0,0,1,0
1111,27226,0,1,0,0,0,1
4283,27248,0,1,0,0,0,0
1409,27248,0,1,0,0,0,0
3652,27413,0,0,1,0,0,1
3653,27413,0,0,1,0,0,1
3654,27413,0,0,1,0,0,1
3656,27413,1,0,0,0,0,0
3651,27413,0,0,1,0,0,1
1383,27457,1,1,0,0,0,1
1382,27457,1,0,0,0,0,1
1381,27457,1,1,0,0,0,1
1380,27457,1,0,0,0,0,1
1387,27457,0,1,0,0,0,1
1251,27457,0,0,0,0,1,1
1390,27457,0,1,0,0,0,1
1391,27457,0,1,0,0,0,1
1353,27457,0,1,0,0,0,0
1351,27457,1,0,0,0,0,0
1351,27457,1,0,0,0,0,1
1392,27457,0,1,0,0,0,1
1393,27457,0,1,0,0,0,1
1394,27457,0,1,0,0,0,1
1395,27457,0,1,0,0,0,1
1417,27457,0,1,0,0,0,1
1418,27457,0,1,0,0,0,1
1396,27457,0,1,0,0,0,0
1397,27457,0,0,0,1,0,0
1399,27457,1,1,0,0,0,1
1252,27457,0,0,0,0,1,0
1415,27457,1,0,0,0,0,1
1414,27457,1,0,0,0,0,1
1413,27457,1,0,0,0,0,1
1352,27457,0,1,0,0,0,0
1358,27457,1,0,0,0,0,1
1357,27457,1,0,0,0,0,1
1402,27457,0,1,1,0,0,1
4110,27457,1,0,0,0,0,0
9434,28238,0,1,0,0,0,1
164,28986,0,1,0,0,0,0
899,28986,0,1,0,0,0,0
3026,28986,0,1,0,0,0,0
3031,28986,0,1,0,0,0,0
898,28986,0,1,0,0,0,1
4333,29316,1,0,0,0,0,1
4262,30027,0,1,0,0,0,0
4265,30027,0,1,0,0,0,0
693,62501,0,1,0,0,0,0
691,62502,0,1,0,0,0,1
1185,62506,0,1,0,0,0,1
1189,62506,0,1,0,0,0,1
1187,62506,1,0,0,1,0,1
1180,62506,0,1,0,0,0,1
1186,62506,0,1,0,0,0,1
1181,62506,0,1,0,0,0,1
1191,62506,0,1,0,0,0,1
1182,62506,0,1,0,0,0,1
1183,62506,0,1,0,0,0,1
1179,62506,0,1,0,0,0,1
1194,62506,0,1,0,0,0,1
1195,62506,0,1,0,0,0,1
1190,62506,0,1,0,0,0,1
3326,12871,0,1,0,0,0,0
966,16644,0,0,1,0,0,0
966,16644,0,0,1,0,0,1
2652,17931,0,1,0,0,0,0
3105,26357,0,1,0,0,0,1
9076,28133,0,1,0,0,0,1
9081,28133,0,0,0,0,1,1
9082,28133,0,1,0,0,0,1
731,28139,1,0,0,0,0,0
385,10418,0,0,1,0,0,0
3019,10418,1,1,0,0,0,1
3020,10418,0,1,0,0,0,1
3021,10418,0,1,0,0,0,1
3022,10418,0,1,0,0,0,0
3022,10418,0,1,0,0,0,1
9053,12337,0,1,0,0,0,0
8001,13663,0,0,1,0,0,0
776,18932,0,1,0,0,0,0
9291,18932,0,0,1,0,0,0
387,22100,0,0,0,0,1,0
9045,22248,0,1,0,0,0,1
3014,24564,0,0,1,0,0,0
9043,29145,0,0,0,0,1,0
9044,29145,0,0,0,0,1,0
9393,29288,1,0,0,0,0,0
9380,29288,1,0,0,0,0,1
372,30052,0,1,0,0,0,0
374,30053,0,1,0,0,0,0
377,30053,1,1,0,0,0,1
382,30053,0,1,0,0,0,1
371,30054,0,1,0,0,0,0
383,30056,1,0,0,0,0,0
9051,62310,0,1,0,0,0,1
9349,10297,0,0,0,0,1,0
1959,10572,0,1,0,0,0,0
668,10572,0,1,0,0,0,0
3963,10858,1,0,0,0,0,0
9862,10902,0,0,1,0,0,1
9864,10902,0,1,0,0,0,1
9865,10902,0,0,1,0,0,0
657,10973,0,1,0,0,0,1
936,10973,0,1,0,0,0,1
933,10973,0,1,0,0,0,1
934,10973,0,1,0,0,0,1
2081,10973,0,0,0,0,1,0
2080,10973,1,1,0,0,0,1
2799,11804,0,1,0,0,0,1
660,11804,0,0,0,0,1,0
938,11804,0,1,0,0,0,0
580,12607,0,1,0,0,0,1
2635,12607,0,1,0,0,0,0
579,12607,1,1,0,0,0,0
501,12640,1,1,0,0,0,1
356,12739,1,0,0,0,0,1
780,12750,0,1,0,0,0,0
360,12750,0,1,0,0,0,0
9110,12750,0,1,0,0,0,1
830,12761,1,0,0,0,0,1
358,12761,1,0,0,0,0,1
532,12948,0,0,1,0,0,0
530,12948,0,0,1,0,0,0
9107,13322,1,0,0,0,0,1
3950,13894,1,0,0,0,0,0
503,13894,1,1,0,0,0,1
1264,14103,0,0,1,0,0,0
1260,14103,0,0,0,0,1,0
1842,14147,1,0,0,0,0,0
1721,14147,0,0,1,0,0,0
1720,14147,0,1,0,0,0,0
1625,14562,0,1,0,0,0,1
2375,14752,0,0,1,0,0,1
571,14851,0,1,0,0,0,1
572,14851,0,1,0,0,0,1
342,15181,0,1,0,0,0,1
9173,15439,0,0,0,0,1,0
977,15439,0,1,0,0,0,0
977,15439,0,1,0,0,0,1
976,15439,0,1,0,0,0,0
1258,15500,0,0,0,0,1,0
623,15522,0,1,0,0,0,1
2542,15676,0,1,0,0,0,1
653,15676,1,0,0,0,0,1
654,15676,1,0,0,0,0,1
1624,15830,0,1,0,0,0,1
1623,15841,1,0,0,0,0,0
1616,15852,1,0,1,0,0,1
639,16083,0,0,1,0,0,0
641,16094,1,1,0,0,0,0
638,16100,1,0,0,0,0,0
9769,16363,0,1,0,0,0,0
1717,16666,0,0,1,0,0,1
1716,16666,0,0,0,0,1,0
550,16666,0,1,0,0,0,0
4076,16919,0,1,0,0,0,1
4079,16919,0,0,1,0,0,0
9172,16919,0,1,0,0,0,0
789,17271,1,0,0,0,0,0
628,17359,0,0,1,0,1,0
853,17403,0,0,0,0,1,0
3589,18624,0,0,1,0,0,1
3595,18624,0,0,1,0,0,1
3596,18624,0,0,1,0,0,1
3597,18624,0,0,1,0,0,1
3593,18624,0,1,0,0,0,1
3594,18624,0,1,0,0,0,1
3592,18624,0,1,0,0,0,1
2302,20087,1,0,0,0,0,0
549,20087,1,0,1,0,0,0
2307,20087,0,1,0,0,0,0
632,20153,1,0,0,0,0,1
4318,20318,0,0,0,0,1,0
2724,20318,1,0,0,0,0,1
662,20626,0,0,1,0,0,0
4021,22067,0,0,1,0,0,0
4022,22067,0,0,0,0,1,0
9339,22188,1,0,0,0,0,0
782,22254,0,0,1,0,0,0
2517,22804,0,1,0,0,0,0
2516,22804,0,0,0,0,1,0
3660,22804,0,0,0,0,1,0
614,22925,0,1,0,0,0,1
3960,23090,1,1,0,0,0,0
618,23662,0,1,0,0,0,1
617,23662,0,0,0,0,1,0
9406,23662,0,1,0,0,0,1
528,23827,0,1,0,0,0,0
647,23915,1,0,0,0,0,1
958,24399,1,0,1,0,0,1
820,24421,1,0,0,0,0,0
504,24421,1,1,0,0,0,1
9206,24421,0,1,0,0,0,0
505,24432,0,0,1,0,0,0
4404,24472,0,0,1,0,0,1
4464,24472,0,0,1,0,0,1
4402,24472,0,0,1,0,0,1
4403,24472,0,0,1,0,0,1
4120,24597,0,0,1,0,0,0
4119,24597,0,0,1,0,0,1
4117,24597,0,1,0,0,0,1
4121,24597,0,0,1,0,0,0
9236,24597,0,1,0,0,0,1
3254,24608,1,0,0,0,0,1
3253,24608,1,0,0,0,0,1
612,24608,1,0,0,0,0,0
2304,25071,1,0,0,0,0,0
346,25220,1,1,0,0,0,1
349,25224,0,1,0,0,0,1
784,25389,1,1,0,0,0,0
2847,25543,1,0,0,0,0,0
515,25752,1,0,0,0,0,0
9238,25757,0,1,0,0,0,1
9121,25994,0,1,0,0,0,1
677,26005,0,1,0,0,0,0
913,26027,0,1,0,0,0,0
928,26038,1,0,0,0,0,0
920,26049,0,1,0,0,0,0
917,26049,0,0,0,0,1,0
918,26049,0,0,0,0,1,0
919,26049,1,0,0,0,0,0
932,26060,1,0,0,0,0,1
667,26060,0,1,0,0,0,0
9178,26060,0,1,0,1,0,0
9257,26060,1,0,0,0,0,1
926,26071,1,0,0,0,0,0
674,26075,0,1,0,0,0,1
675,26075,0,1,0,0,0,1
673,26075,0,1,0,0,0,1
2365,26159,1,0,0,0,0,1
2361,26159,1,0,0,0,0,1
2360,26159,1,0,0,0,0,1
1988,27446,0,1,0,0,0,0
1987,27446,1,0,0,0,0,0
1989,27446,0,0,0,0,1,0
9478,27908,0,1,0,0,0,1
71,28568,1,0,0,0,0,1
9256,30048,1,0,0,0,0,1
9407,30090,0,1,0,0,0,0
9407,30090,0,1,0,0,0,1
557,30100,1,1,0,0,0,1
1496,30101,1,0,0,0,0,1
352,30112,0,0,1,0,0,0
2305,50244,0,1,0,0,0,0
9401,50245,1,0,0,0,0,0
9311,50246,0,0,0,0,1,0
9378,50247,1,0,1,0,0,0
9272,50249,0,0,1,0,0,0
556,50250,1,0,0,0,0,0
348,50252,0,1,0,0,0,1
1637,50255,1,0,0,0,0,0
1638,50255,0,1,0,0,0,0
1636,50257,0,0,0,0,1,0
1633,50263,0,1,0,0,0,1
3416,50268,0,0,1,0,0,0
4023,50273,0,0,0,0,1,0
9482,50273,0,0,1,0,0,0
4025,50274,0,0,1,0,0,1
2387,62297,0,0,0,0,1,0
9157,62314,0,1,0,0,0,1
2842,62410,0,1,0,0,0,1
669,62416,0,0,0,0,1,0
670,62416,0,1,0,0,0,0
1956,62416,0,0,1,0,0,0
1957,62416,0,1,0,0,0,0
2840,62495,0,0,1,0,0,1
9358,62495,0,0,1,0,0,0
2845,62496,0,0,0,0,1,0
9106,62497,0,0,1,0,0,0
1983,62553,0,0,0,0,1,0
2942,10286,1,1,0,0,0,0
2941,10286,1,1,0,0,0,1
3467,10979,0,0,1,0,0,1
3468,10979,0,0,1,0,0,1
194,11639,0,1,0,0,0,0
1672,12343,1,1,0,0,0,1
1669,12343,0,1,0,0,0,1
1670,12343,1,1,0,0,0,1
1675,12343,0,1,0,0,0,1
1674,12343,0,1,0,0,0,1
1671,12343,0,1,0,0,0,0
1671,12343,0,1,0,0,0,1
1673,12343,0,1,0,0,0,1
1676,12343,0,0,0,1,0,1
2665,13140,1,0,0,0,0,0
606,13140,0,1,0,0,0,0
587,13140,0,1,0,0,0,1
201,13190,0,1,0,0,0,1
1247,13190,0,1,0,0,0,1
202,13190,1,0,0,0,0,0
3160,13190,0,1,0,0,0,1
1516,13234,0,0,0,1,0,1
3153,13234,0,1,0,0,0,0
3148,13234,0,1,0,0,0,1
1245,13553,0,0,0,0,1,0
9146,13773,0,1,0,0,0,1
9461,13773,0,1,0,0,0,0
1679,13993,1,0,0,0,0,1
1678,13993,1,1,0,0,0,1
184,14125,1,0,0,0,0,0
1680,14125,1,1,0,1,0,1
1681,14125,0,1,0,0,0,0
1682,14125,0,1,0,0,0,1
1685,14125,0,1,0,0,0,0
9282,14136,1,1,0,0,0,1
2427,14136,0,1,0,0,0,1
2122,14136,0,1,0,0,0,1
2121,14136,1,1,0,0,0,1
2120,14136,0,1,0,0,0,1
2123,14136,0,1,0,0,0,1
2119,14136,0,1,0,0,0,1
2118,14136,0,1,0,0,0,1
2117,14136,0,1,0,0,0,1
2116,14136,0,1,0,0,0,1
2115,14136,0,1,0,0,0,1
2003,14136,0,1,0,0,0,1
2488,15368,0,1,0,0,0,1
189,15368,0,1,0,0,0,1
2491,15368,0,1,0,0,0,1
2487,15368,0,1,0,0,0,1
2486,15368,0,0,0,1,0,0
2489,15368,0,0,0,0,1,1
2901,15489,0,1,0,0,0,0
2897,15489,0,1,0,0,0,1
4139,16127,1,0,0,0,0,0
4139,16127,1,0,0,0,0,1
4140,16127,0,0,0,0,1,0
3067,16424,0,1,0,0,0,1
3070,16424,0,0,0,0,1,0
3071,16424,0,0,1,0,0,0
3068,16424,0,1,0,0,0,1
3069,16424,0,1,0,0,0,1
1505,16424,0,1,0,0,0,1
1502,16424,0,1,0,0,0,1
1501,16424,0,1,0,0,0,1
3306,16831,1,1,0,1,0,1
3315,16831,0,1,0,0,0,1
3314,16831,0,1,0,0,0,1
1525,16930,0,1,0,0,0,1
9933,16930,0,1,0,0,0,1
9935,16930,0,1,0,0,0,1
9936,16930,0,1,0,0,0,1
9835,17236,1,0,0,0,0,0
1696,17282,0,1,0,0,0,1
1697,17282,1,1,0,0,0,1
1702,17282,0,1,0,0,0,1
1703,17282,0,1,0,0,0,1
1700,17282,1,1,0,0,0,1
1240,17282,1,1,0,0,0,0
1701,17282,1,0,0,0,0,1
1236,17282,1,0,0,0,0,1
1239,17282,1,0,0,0,0,1
1699,17282,1,1,0,0,0,0
1698,17282,1,1,0,0,0,1
1237,17282,0,1,0,0,0,1
831,17584,1,0,0,0,0,1
832,17584,1,0,0,0,0,1
833,17584,1,0,0,0,0,1
834,17584,1,0,0,0,0,0
835,17584,1,0,0,0,0,1
836,17584,1,0,0,0,0,1
837,17584,1,0,0,0,0,1
838,17584,1,0,0,0,0,1
30670,17610,0,0,0,0,1,0
479,18349,0,0,1,0,0,1
3061,18349,1,0,0,0,0,1
9383,18349,1,0,0,0,0,1
1881,18569,0,1,0,0,0,1
1880,18569,0,1,0,0,0,1
1879,18569,0,1,0,0,0,1
1878,18569,0,1,0,0,0,1
1877,18569,0,1,0,0,0,1
1473,18569,0,1,0,0,0,0
1474,18569,0,1,0,0,0,1
1475,18569,0,1,0,0,0,1
1509,19394,0,1,0,0,0,1
2788,19394,0,1,0,0,0,1
2786,19394,0,0,0,0,1,1
1511,19394,0,1,0,0,0,1
2791,19394,0,1,0,0,0,1
2790,19394,0,1,0,0,0,1
2789,19394,0,1,0,0,0,1
1512,19394,0,1,0,0,0,1
9285,19460,0,1,0,0,0,1
200,19460,1,0,0,1,0,1
3258,19537,0,1,0,0,0,1
2221,19537,0,1,0,0,0,1
2222,19537,0,1,0,0,0,1
2223,19537,0,1,0,0,0,1
4304,21209,0,1,0,0,0,1
4306,21209,0,1,0,0,0,1
4308,21209,1,0,0,1,0,0
4307,21209,0,1,0,0,0,0
4305,21209,0,1,0,0,0,1
4312,21209,0,1,0,0,0,1
4311,21209,0,1,0,0,0,1
4310,21209,1,0,0,0,0,1
4309,21209,1,0,0,0,0,1
4088,21286,0,1,0,0,0,0
4084,21286,0,1,0,0,0,0
4085,21286,1,1,0,0,0,0
4086,21286,0,1,0,0,0,0
4087,21286,0,1,0,0,0,0
182,21286,0,1,0,0,0,0
2020,21594,1,0,0,1,0,1
2024,21594,1,0,0,1,0,1
2023,21594,1,0,0,1,0,1
2019,21594,1,0,0,1,0,1
2022,21594,1,0,0,1,0,1
2021,21594,0,0,1,0,0,0
2018,21594,1,1,1,0,0,0
2017,21594,0,1,0,0,0,0
2016,21594,0,1,0,0,0,0
2015,21594,0,0,1,0,0,0
169,22243,1,1,0,0,0,1
170,22243,0,1,0,0,0,1
1797,22243,1,0,0,0,0,1
1796,22243,1,0,0,0,0,1
1800,22243,1,0,0,0,0,1
1799,22243,1,0,0,0,0,1
1798,22243,1,0,0,0,0,1
904,22243,0,1,0,1,0,1
903,22243,0,1,0,1,0,1
902,22243,0,1,0,0,0,1
1234,22243,0,1,0,0,0,1
3284,22430,1,0,0,0,0,0
9317,22457,0,1,0,0,0,0
2965,22749,0,1,0,0,0,1
2961,22749,0,1,0,0,0,0
160,23420,1,0,0,0,0,1
161,23420,0,0,0,1,0,0
3321,23420,0,0,0,1,0,0
3322,23420,0,0,0,1,0,1
2239,23519,1,1,0,0,0,0
2238,23519,1,1,0,0,0,0
2237,23519,0,1,0,0,0,0
2236,23519,0,1,0,0,0,0
2241,23519,1,1,0,0,0,0
2240,23519,1,0,0,0,0,0
2426,23519,0,1,0,0,0,0
9477,23519,0,1,0,0,0,0
163,23695,1,1,0,0,0,1
2737,23695,0,1,0,0,0,0
2738,23695,0,1,0,0,0,1
2739,23695,0,1,0,0,0,1
2740,23695,0,1,0,0,0,0
2741,23695,0,1,0,0,0,0
2742,23695,0,1,0,0,0,1
2743,23695,0,0,0,1,0,0
2744,23695,0,1,0,0,0,1
2746,23695,0,1,0,0,0,1
3121,23849,0,1,0,0,0,0
3129,23849,0,1,0,0,0,0
3130,23849,0,1,0,0,0,0
906,24052,0,1,0,0,0,0
905,24052,0,1,0,0,0,0
3536,24575,1,1,0,0,0,1
3531,24575,0,1,0,0,0,1
3532,24575,0,0,0,0,1,0
3528,24575,0,1,0,0,0,0
471,24619,1,0,0,0,0,1
469,24619,1,0,0,0,0,1
3381,24740,1,0,0,0,0,0
3388,24740,0,0,0,0,1,0
3384,24740,1,0,0,0,0,1
3383,24740,1,0,0,0,0,1
3382,24740,1,0,0,0,0,1
9948,24740,1,0,0,0,0,1
9284,24811,0,1,0,1,0,1
193,25477,0,1,0,0,0,1
3096,25730,0,1,0,0,0,0
3093,25730,0,1,0,0,0,0
3092,25730,1,0,0,1,0,0
1506,25730,0,1,0,0,0,0
1508,25730,0,1,0,0,0,1
1507,25730,0,1,0,0,0,1
3090,25730,0,1,0,0,0,1
1708,26577,0,1,0,0,0,0
1709,26577,0,1,0,0,0,0
1710,26577,0,1,0,0,0,0
1707,26577,0,1,0,0,0,0
1705,26577,0,1,0,0,0,0
1706,26577,0,1,0,0,0,0
173,26577,0,1,0,0,0,1
907,26577,0,1,0,0,0,0
3050,26940,0,1,0,0,0,1
9283,26940,0,1,0,0,0,1
3052,26940,0,1,0,0,0,1
3053,26940,0,1,0,0,0,1
3074,26940,0,0,0,0,1,0
2611,28337,0,1,0,0,0,0
2614,28337,0,1,0,0,0,1
1500,28337,0,1,0,0,0,1
1499,28337,0,1,0,0,0,0
199,28414,0,0,1,0,0,1
168,28469,1,1,0,0,0,1
2971,28469,1,1,0,0,0,1
2970,28469,1,1,0,0,0,1
2973,28469,1,0,0,0,0,1
1732,28469,0,0,0,1,0,1
1731,28469,0,0,0,1,0,1
3494,28524,0,1,0,0,0,1
3499,28524,0,1,0,0,0,1
3498,28524,0,1,0,0,0,1
3503,28524,0,1,0,0,0,1
3500,28524,0,1,0,0,0,1
9940,28667,0,1,0,0,0,1
2136,29129,0,1,0,0,0,1
2128,29129,0,1,0,0,0,1
2127,29129,0,1,0,0,0,1
2129,29129,0,1,0,0,0,1
2135,29129,0,1,0,0,0,1
2134,29129,0,1,0,0,0,1
2133,29129,0,1,0,0,0,1
2131,29129,0,1,0,0,0,1
1529,29217,1,0,0,0,0,0
9950,29217,0,0,0,1,0,1
9951,29217,1,0,0,0,0,1
9934,29217,0,1,0,0,0,1
177,29371,1,1,0,0,0,1
2250,29371,0,1,0,0,0,1
2249,29371,0,1,0,0,0,1
2248,29371,0,1,0,0,0,1
2247,29371,0,1,0,0,0,1
2251,29371,0,1,0,0,0,1
176,29371,0,1,0,0,0,1
175,29371,0,0,0,0,1,0
2246,29371,0,1,0,0,0,1
9316,30063,1,0,0,0,0,1
3126,30087,0,1,0,0,0,1
3127,30087,0,1,0,0,0,1
3125,30087,0,1,0,0,0,1
3123,30087,0,1,0,0,0,1
3124,30087,0,1,0,0,0,1
3128,30087,0,1,0,0,0,1
9941,30087,1,1,0,0,0,1
9288,30104,0,1,0,0,0,0
4144,62300,1,0,0,0,0,0
4147,62300,1,0,0,0,0,1
9118,62424,1,0,0,0,0,1
9386,62424,0,0,0,0,1,0
477,62424,1,0,0,0,0,1
9355,62424,1,0,0,0,0,0
9253,62426,1,0,0,0,0,1
9167,62426,1,0,0,0,0,1
9135,62426,1,0,0,0,0,1
9141,62426,1,0,0,0,0,1
3058,62437,1,0,0,0,0,1
468,62438,1,0,0,0,0,1
9252,62481,1,0,0,0,0,1
9212,62483,1,0,0,0,0,0
476,62483,0,1,0,0,0,0
4162,62483,1,0,0,0,0,0
9254,62484,1,1,0,0,0,1
2531,62524,1,0,0,0,0,1
198,62526,0,1,0,0,0,0
183,62555,1,0,0,0,0,0
180,62556,0,1,0,0,0,1
181,62556,1,1,0,0,0,1
1238,62556,1,1,0,0,0,1
608,62576,1,0,0,0,0,0
2937,62588,0,1,0,0,0,1
2938,62588,0,1,0,0,0,0
2945,62588,0,1,0,0,0,1
1248,62588,0,1,0,0,0,1
2885,13850,0,1,0,0,0,0
2862,15148,0,1,0,0,0,1
2864,15148,0,1,0,0,0,1
2863,15148,0,1,0,0,0,1
1004,15907,0,0,1,0,0,0
2915,16809,0,1,0,0,0,1
2917,16809,0,1,0,0,0,1
2919,16809,0,0,0,0,1,0
362,16809,1,0,0,0,0,1
9297,16809,1,0,0,0,0,0
3700,18393,1,0,0,0,0,1
3703,18393,1,0,0,0,0,1
3702,18393,1,0,0,0,0,0
3441,18431,1,0,0,0,0,0
3445,18431,1,0,0,0,0,0
3701,18976,0,1,0,0,0,1
4168,18976,0,1,0,0,0,1
3699,18976,0,1,0,0,0,0
9035,20714,1,0,0,0,0,0
1036,23189,0,0,0,0,1,0
2776,24806,0,1,0,0,0,0
3332,27666,0,0,0,0,1,0
3335,27666,0,1,0,0,0,1
3334,27666,0,1,0,0,0,1
2860,28898,0,1,0,0,0,1
3483,28898,0,0,0,0,1,0
3484,28898,0,1,0,0,0,0
3485,28898,0,1,0,0,0,0
3479,28898,0,0,1,0,0,0
2861,28898,0,1,0,0,0,1
2859,28898,0,1,0,0,0,1
3648,29151,0,1,0,0,0,1
3649,29151,0,1,0,0,0,1
2802,29151,0,0,0,0,1,0
2806,29151,0,1,0,0,0,1
30120,10000,0,0,0,0,1,0
30120,10000,0,0,0,0,1,1
30121,10000,0,0,0,0,1,1
30122,10000,0,0,1,0,0,0
30122,10000,0,0,1,0,0,1
30123,10000,0,0,1,0,0,0
30123,10000,0,0,1,0,0,1
30127,10000,0,1,0,0,0,0
30127,10000,0,1,0,0,0,1
30075,10000,0,0,0,0,1,0
30075,10000,0,0,0,0,1,1
2220,10033,0,1,0,0,0,1
2218,10033,0,1,0,0,0,1
2217,10033,1,0,0,0,0,1
2214,10033,1,0,0,0,0,1
2212,10033,1,0,0,0,0,1
2211,10033,1,0,0,0,0,1
9574,10231,0,0,1,0,0,1
9572,10231,0,0,0,0,1,0
9573,10231,0,0,0,0,1,1
9567,10231,0,1,0,0,0,1
9969,10962,0,1,0,0,0,0
9969,10962,0,1,0,0,0,1
9970,10962,0,0,0,1,0,1
9580,11281,0,0,0,0,1,0
9655,12260,0,1,0,0,0,1
9656,12260,0,0,0,0,1,0
74,12387,0,1,0,0,0,1
9675,12698,1,0,0,0,0,1
9325,12904,0,0,1,0,0,0
9645,12923,0,1,0,0,0,1
9660,12923,0,1,0,0,0,1
9664,12923,0,1,0,0,0,1
9665,12923,0,1,0,0,0,1
9646,12923,0,1,0,0,0,1
804,13784,0,0,1,0,0,1
805,13784,0,0,0,0,1,0
987,14378,0,1,0,0,0,1
990,14378,0,0,1,0,0,1
9795,14999,0,0,0,1,0,0
9796,14999,0,0,1,0,0,0
9797,14999,0,0,1,0,0,1
1898,15302,0,1,0,0,0,1
876,15335,0,1,0,0,0,1
890,15335,0,1,0,0,0,0
9648,15978,0,1,0,0,0,1
9650,15978,0,0,1,0,0,1
9651,15978,0,1,0,0,0,1
9587,16170,0,0,1,0,0,1
4355,16611,0,1,0,0,0,0
4356,16611,0,1,0,0,0,0
2442,16611,0,1,0,0,0,0
2443,16611,0,1,0,0,0,0
2445,16611,0,1,0,0,0,0
3975,16963,1,0,0,0,0,0
3976,16963,0,1,1,0,0,1
3971,16963,0,0,1,0,0,0
3971,16963,0,0,1,0,0,1
3978,16963,0,0,1,0,0,0
3978,16963,0,0,1,0,0,1
78,17029,0,1,0,0,0,0
79,17029,0,0,1,0,0,0
81,17029,0,1,0,0,0,1
69,17265,0,0,1,0,0,1
70,17265,0,1,0,0,0,1
66,17265,0,1,0,0,0,1
30100,17936,0,0,1,0,0,1
95,18129,0,1,0,0,0,1
96,18129,0,1,0,0,0,1
92,18536,1,0,0,0,0,1
4250,18811,1,0,0,0,0,1
2291,19097,0,0,1,0,0,1
2292,19097,0,0,1,0,0,1
2293,19097,0,0,1,0,0,1
2295,19097,0,1,0,0,0,1
2296,19097,0,1,0,0,0,1
2294,19097,0,0,1,0,0,1
874,20362,1,0,0,0,0,1
87,20516,0,1,0,0,0,1
1005,20813,0,0,1,0,0,1
1198,20813,1,0,0,0,0,1
1197,20813,1,0,0,0,0,1
1012,20813,0,0,0,0,1,0
369,20813,0,1,0,0,0,1
1006,20813,0,0,1,0,0,0
9497,20832,0,1,0,0,0,1
107,20835,0,0,0,0,1,1
1231,20835,0,0,1,0,0,1
3457,20879,0,0,1,0,0,0
4365,20901,0,1,0,0,0,1
4362,20901,0,1,0,0,0,1
4363,20901,0,1,0,0,0,1
56,21341,0,1,0,0,0,1
1888,21825,0,1,0,0,0,1
1890,21825,1,0,0,0,0,1
41,21825,0,1,0,0,0,1
73,22060,0,1,0,0,0,1
85,22133,1,0,0,0,0,1
866,22892,0,1,0,0,0,0
9809,23070,0,0,1,0,0,1
2590,23354,0,1,0,0,0,1
2591,23354,0,1,0,0,0,1
2592,23354,0,1,0,0,0,1
2595,23354,0,0,1,0,0,1
2596,23354,0,0,0,0,1,0
4372,24795,0,0,0,0,1,0
4373,24795,0,0,0,1,0,0
4375,24795,0,1,0,0,0,1
9592,25053,0,1,0,0,0,1
9593,25053,0,1,0,0,0,1
9595,25053,0,0,0,0,1,1
9596,25053,0,1,0,0,0,1
9597,25053,0,1,0,0,0,1
871,25532,1,0,1,0,0,0
9489,26566,0,1,0,0,0,1
50,26632,0,1,0,0,0,1
206,27083,1,1,0,0,0,1
209,27083,0,1,0,0,0,1
210,27083,0,1,0,0,0,1
204,27083,0,0,1,0,0,1
203,27083,0,0,1,0,0,1
2534,27083,0,0,1,0,0,1
205,27083,1,0,0,0,0,1
4252,27286,0,1,0,0,0,0
4380,27340,0,1,0,0,0,1
4378,27340,0,1,0,0,0,1
4381,27340,0,1,0,0,0,1
9952,27479,0,1,0,0,0,1
9953,27479,0,1,0,0,0,1
2627,27930,0,1,0,0,0,0
2628,27930,0,0,0,0,1,0
2629,27930,0,1,0,0,0,1
2631,27930,0,1,0,0,0,1
2632,27930,0,1,0,0,0,1
84,27930,0,0,1,0,0,1
1023,28084,0,0,1,0,0,1
4244,28210,0,0,1,0,0,1
4245,28210,0,0,1,0,0,1
9554,28456,0,1,0,0,0,1
9555,28456,1,0,0,0,0,0
9555,28456,1,0,0,0,0,1
9556,28456,1,0,0,0,0,1
9557,28456,1,0,0,0,0,1
9558,28456,1,1,0,1,0,1
9559,28456,1,0,0,0,0,0
9560,28456,0,0,1,0,0,0
9561,28456,0,0,1,0,0,0
9563,28456,0,0,1,0,0,1
9813,28914,0,1,0,0,0,1
9814,28914,0,1,0,0,0,1
30103,30030,0,1,0,0,0,1
30104,30031,0,1,0,0,0,1
30105,30031,0,1,0,0,0,1
30205,30037,0,1,0,0,0,1
30203,30038,0,0,0,0,1,1
30204,30038,0,0,1,0,0,1
30206,30039,0,1,0,0,0,1
30207,30039,0,1,0,0,0,1
30210,30040,1,0,0,0,0,0
30211,30040,1,0,0,0,0,1
30212,30040,0,0,1,0,0,1
30273,30176,0,1,0,0,0,1
30274,30176,0,1,0,0,0,1
30275,30176,1,0,0,0,0,1
9568,62575,0,1,0,0,0,1
9570,62575,0,0,0,0,1,1
1826,10407,0,0,0,0,1,0
122,10814,0,1,0,0,0,0
3913,10814,1,0,0,0,0,0
3914,10814,1,0,0,0,0,1
3932,10814,0,1,0,0,0,1
684,10847,0,0,1,0,0,0
685,10847,0,1,0,0,0,1
941,10847,0,1,0,0,0,0
3926,10847,0,1,0,0,0,0
2874,11133,0,1,0,0,0,1
2870,11133,0,0,1,0,0,1
2867,11133,0,0,0,0,1,0
2873,11133,1,0,0,0,0,1
2894,11133,0,0,1,0,0,1
129,12530,0,1,0,0,0,1
9438,12594,0,1,0,0,0,0
2997,13102,0,1,0,0,0,1
2998,13102,0,1,0,0,0,1
895,13135,0,1,0,0,0,1
896,13135,0,1,0,0,0,1
3610,13168,0,0,0,0,1,0
3490,13168,1,1,0,0,0,1
3491,13168,0,1,0,0,0,1
3492,13168,0,0,0,0,1,0
3493,13168,0,0,1,0,0,0
1548,13168,0,1,0,0,0,1
124,13289,1,1,0,0,0,1
773,13300,0,0,1,0,0,0
3900,13597,0,1,0,0,0,0
3145,13630,1,0,0,0,0,0
3475,13630,0,1,0,0,0,0
3146,13630,0,1,0,0,0,0
3407,13971,1,0,0,0,0,1
3406,13971,1,0,0,0,0,1
3889,13982,0,1,0,0,0,1
4129,13982,0,1,0,0,0,1
3891,13982,0,1,0,0,0,1
130,14026,0,0,1,0,0,1
1998,14026,1,0,0,1,0,0
2001,14026,1,0,0,0,0,1
2347,15973,0,0,0,0,1,0
3289,15973,0,0,1,0,0,0
3289,15973,0,0,1,0,0,1
1802,16193,0,0,0,1,0,1
1804,16193,0,1,0,0,0,1
1806,16193,0,0,1,0,0,1
1807,16193,0,0,0,1,0,1
1808,16193,0,1,0,0,0,1
1812,16193,0,1,0,0,0,1
138,17436,0,1,0,1,0,0
139,17436,1,0,0,0,0,0
3864,17436,0,1,0,0,0,0
127,17667,0,1,0,0,0,1
128,17667,0,1,0,0,0,1
766,17667,0,1,0,0,0,1
772,17667,1,0,0,0,0,0
3238,17667,0,0,0,1,0,0
147,17887,1,0,0,0,0,0
148,17887,0,1,0,0,0,0
144,18283,1,0,0,0,0,1
3251,19064,0,1,0,0,0,1
3246,19064,0,1,0,0,0,1
3240,19064,0,1,0,0,0,1
3241,19064,0,1,0,0,0,1
3242,19064,0,1,0,0,0,1
3247,19064,0,0,1,0,0,1
3248,19064,1,0,0,0,0,1
3249,19064,0,1,0,0,0,1
146,19141,0,1,0,0,0,1
3903,20989,0,1,0,0,0,1
3904,20989,0,1,0,1,0,0
3905,20989,0,1,0,0,0,0
2763,21814,0,0,1,0,0,1
2764,21814,0,0,0,0,1,0
145,22045,1,1,0,0,0,1
2376,22045,0,1,0,0,0,1
2377,22045,0,1,0,0,0,1
2378,22045,0,1,0,0,0,1
2379,22045,0,1,0,0,0,1
2381,22045,0,1,0,0,0,1
2382,22045,0,1,0,0,0,1
2383,22045,0,1,0,0,0,1
2384,22045,1,0,0,0,0,1
9230,22045,1,0,0,0,0,1
9299,23112,1,0,0,0,0,0
2036,23112,1,0,0,0,0,0
2038,23112,1,0,0,0,0,0
2039,23112,1,0,0,0,0,0
3681,23112,1,0,0,0,0,0
3682,23112,1,0,0,0,0,0
3683,23112,1,0,0,0,0,0
3684,23112,1,0,1,0,0,0
3685,23112,1,0,0,0,0,0
3686,23112,1,0,0,1,0,0
3687,23112,1,0,0,1,0,0
3688,23112,1,0,0,1,0,0
3689,23112,1,0,1,0,0,0
3690,23112,1,0,0,0,0,0
3909,23112,1,0,0,0,0,0
3929,23112,1,0,0,0,0,0
4268,23156,0,1,0,0,0,0
4269,23156,0,1,0,0,0,0
1034,23233,1,1,0,1,0,0
1035,23233,1,1,0,1,0,1
4039,23288,1,0,0,0,0,0
151,23288,0,0,1,0,0,1
4043,23288,0,0,1,0,0,0
4324,23640,1,0,0,0,0,1
4325,23640,1,1,0,0,0,1
2494,24091,0,0,1,0,0,0
9783,24091,0,1,0,0,0,1
9784,24091,0,1,0,0,0,1
3375,24102,1,0,0,0,0,1
125,24102,0,0,0,0,1,0
763,25422,0,0,0,0,1,1
9788,26302,0,0,0,1,0,0
9789,26302,0,0,0,1,0,0
3720,26588,0,1,0,0,0,0
3721,26588,0,1,0,0,0,1
3724,26588,0,1,0,0,0,1
3727,26588,0,1,0,0,0,0
3922,27215,0,1,0,0,0,1
3923,27215,0,1,0,0,0,1
1867,27501,1,0,0,0,0,1
3859,27589,0,1,0,0,0,0
3860,27589,0,1,0,0,0,1
1551,27600,1,0,0,0,0,1
1552,27600,1,0,0,0,0,1
4128,28227,0,1,0,0,0,1
3270,28502,0,1,0,0,0,1
3271,28502,0,1,0,0,0,1
3272,28502,0,1,0,0,0,1
3273,28502,0,1,0,0,0,1
3278,28502,1,0,0,0,0,1
4029,28502,1,0,0,1,0,0
4032,28502,0,0,0,0,1,0
133,28843,1,0,0,1,0,0
152,28997,1,0,0,1,0,1
2504,28997,1,0,0,0,0,1
2505,28997,1,0,0,0,0,1
2506,28997,1,0,0,0,0,1
2507,28997,1,0,0,0,0,1
2508,28997,1,0,0,0,0,1
2509,28997,1,0,0,0,0,1
2510,28997,1,0,0,0,0,1
2511,28997,1,0,0,0,0,1
2512,28997,1,0,0,0,0,1
3418,29030,0,0,0,0,1,1
3422,29030,0,0,1,0,0,0
3423,29030,0,0,1,0,0,0
3425,29030,1,0,0,1,0,0
3426,29030,1,0,0,1,0,0
2495,62301,0,0,0,0,1,0
3403,62456,0,0,1,0,0,1
4407,62456,0,1,0,0,0,1
4408,62456,0,1,0,0,0,1
4409,62456,0,1,0,0,0,1
3887,62456,0,0,1,0,0,1
3888,62456,0,0,1,0,1,1
2461,62580,1,0,0,0,0,1
9315,62580,0,1,0,0,0,1
3762,10594,0,0,0,0,1,1
9900,12024,1,0,0,0,0,0
1028,12046,0,1,0,0,0,0
3767,12134,0,0,0,0,1,0
3770,12134,0,1,0,0,0,1
3852,12145,0,0,0,1,0,1
2989,12156,1,0,0,0,0,0
2988,12156,0,1,0,0,0,1
2987,12156,0,1,0,0,0,1
3821,12178,0,1,0,0,0,0
3820,12178,0,1,0,0,0,0
3823,12178,1,0,0,0,0,0
3843,12178,0,1,0,0,0,1
9902,12860,0,1,0,0,0,0
3773,14477,0,1,0,0,0,1
3774,14477,0,1,0,0,0,1
3779,14477,0,0,1,0,0,1
3783,14477,0,0,0,0,1,0
3784,14708,0,1,0,0,0,1
3785,14708,0,1,0,0,0,1
3786,14708,1,0,0,0,0,1
3787,14708,1,0,0,0,0,1
3788,14708,0,0,0,0,1,1
3789,14708,0,1,0,0,0,1
3794,15643,0,1,0,0,0,1
3795,15643,0,1,0,0,0,1
4012,15643,0,1,0,0,0,1
9749,15709,0,0,1,0,0,0
9750,15709,0,1,1,0,0,1
757,15731,0,1,0,0,0,1
9848,16028,0,1,0,0,0,1
3556,16039,0,1,0,0,0,1
3555,16039,0,1,0,0,0,1
4010,16750,1,0,0,0,0,0
9891,16750,0,1,0,0,0,1
3753,17183,1,0,0,0,0,0
4101,17689,0,1,0,0,0,1
4406,17884,0,1,0,0,0,0
4406,17884,0,1,0,0,0,1
1846,18371,0,1,0,0,0,1
1850,18371,0,1,0,0,0,1
1851,18371,0,1,0,0,0,1
3994,18448,0,1,0,0,0,1
9909,19196,0,1,0,0,0,1
749,19196,0,1,0,0,0,1
9907,19196,0,1,0,0,0,1
4338,21176,1,0,0,0,0,0
4337,21176,1,1,0,0,0,0
4339,21176,1,0,0,0,0,0
4342,21176,1,0,0,0,0,0
4342,21176,1,0,0,0,0,1
4343,21176,1,1,0,0,0,0
4344,21176,1,0,0,0,0,0
2421,22386,0,0,1,0,0,0
975,22639,1,0,1,0,0,1
3849,23145,0,1,0,0,0,1
3848,23145,0,1,0,0,0,1
843,23350,0,1,0,0,0,0
743,23497,0,1,0,0,0,1
744,23497,0,1,0,0,0,1
969,23497,0,1,0,0,0,1
9924,24157,1,0,0,0,0,0
9904,25427,1,0,0,0,0,0
2423,26489,1,0,0,0,0,0
394,27028,0,1,0,0,0,0
393,27028,0,1,0,0,0,1
390,27028,0,1,0,0,0,1
2830,27028,0,1,0,0,0,0
4462,27259,0,1,0,0,0,1
1029,28117,1,0,0,0,0,1
752,28117,0,1,0,0,0,0
2838,30050,1,0,0,0,0,1
2837,30050,1,0,0,0,0,1
392,30050,1,0,0,0,0,1
396,30050,1,0,0,0,0,0
399,30050,1,0,0,0,0,0
402,30050,1,0,0,0,0,1
9138,30050,1,0,0,0,0,1
9320,30050,1,0,0,0,0,1
397,30050,1,0,0,0,0,0
9457,30099,1,1,1,0,0,0
973,30099,1,0,0,0,0,1
972,30099,1,0,0,0,0,0
2422,50279,0,1,0,0,0,1
3854,62528,0,1,0,0,0,1
30292,10506,1,0,0,0,0,1
30294,10506,1,1,0,0,0,1
30434,10506,1,0,0,1,0,1
30438,10506,0,1,0,0,0,1
4016,10506,0,1,0,0,0,1
4018,10506,1,0,0,0,0,1
4019,10506,1,0,0,0,0,1
4020,10506,1,0,0,0,0,1
30415,10506,1,0,0,0,0,1
30416,10506,1,0,0,0,0,1
30417,10506,1,0,0,0,0,1
30418,10506,1,0,0,0,0,1
30419,10506,1,0,0,0,0,1
30420,10506,1,0,0,0,0,1
30429,10506,1,0,0,0,0,1
30430,10506,1,0,0,0,0,1
30431,10506,1,0,1,0,0,1
30402,10506,1,0,0,0,0,1
30403,10506,1,0,0,0,0,1
30404,10506,1,0,0,0,0,1
30405,10506,1,1,0,0,0,1
30290,10506,1,0,0,0,0,1
30291,10506,1,0,0,0,0,1
2481,11507,0,1,0,0,0,1
3,11507,0,1,0,0,0,1
2564,12849,1,0,0,0,0,0
8002,13124,0,0,0,0,1,0
9009,14328,0,1,0,0,0,0
13,14840,0,0,0,0,1,0
10,14862,0,0,0,1,0,0
8,14862,1,0,0,0,0,1
30254,15379,1,0,0,0,0,1
30255,15379,1,0,0,0,0,1
30256,15379,1,0,0,0,0,1
30257,15379,1,1,0,0,0,1
30258,15379,0,1,0,0,0,1
3615,16545,0,0,0,0,1,0
3616,16545,1,0,0,0,0,1
2324,16974,1,0,0,0,0,1
2328,16974,1,0,0,0,0,1
2332,16974,1,0,0,0,0,1
2331,16974,0,0,1,0,0,0
2330,16974,0,0,1,0,0,0
9702,17469,1,0,0,0,0,1
9703,17469,0,1,0,0,0,1
9704,17469,0,1,0,0,0,1
9678,17474,1,1,0,0,0,1
9679,17474,1,0,0,0,0,1
9680,17474,1,0,0,0,0,1
9681,17474,1,0,0,0,0,1
9682,17474,1,0,0,0,0,1
3354,17557,1,0,0,0,0,1
4115,19680,0,0,0,0,1,0
4114,19680,1,0,0,1,0,0
3659,19691,0,1,0,0,0,0
3399,20109,1,0,0,0,0,0
1561,20417,1,0,0,0,0,0
1560,20417,0,0,0,0,1,0
9382,20417,0,0,0,0,1,0
2452,20571,1,0,0,0,0,1
2455,20571,1,0,0,0,0,1
2456,20571,1,0,0,0,0,1
419,20571,1,1,0,0,0,1
28,20791,0,0,1,0,1,0
9614,21220,1,1,0,0,0,0
9615,21220,0,0,1,0,0,0
9616,21220,0,0,1,0,0,0
4170,21231,1,0,0,1,0,0
4171,21231,1,0,0,0,0,0
3866,21319,0,0,1,0,0,1
9619,21385,1,0,1,0,0,1
9620,21385,0,0,1,0,0,0
9621,21385,0,0,1,0,0,0
9628,21385,0,0,1,0,0,0
1202,21506,0,0,1,0,0,1
9729,22617,0,1,0,0,0,1
9727,22617,0,0,1,0,0,1
9632,22617,0,0,1,0,0,1
9633,22617,0,0,1,0,0,1
3137,23343,1,0,0,0,0,0
30286,23343,0,1,0,0,0,1
9821,23612,1,0,0,1,0,0
3329,24069,0,1,0,0,0,1
2725,24069,1,0,1,0,0,1
2726,24069,1,0,0,0,1,0
2728,24069,1,0,1,0,0,1
2729,24069,0,0,1,0,0,1
417,24278,1,0,0,0,0,0
30082,24278,0,0,1,0,0,1
30216,24440,0,0,0,0,1,0
30462,24440,0,1,0,0,0,1
30635,24696,0,0,1,0,0,1
30637,24696,0,0,1,0,0,1
30640,24696,1,0,0,0,0,1
30643,24696,0,1,0,0,0,1
9693,25163,1,0,0,0,0,0
2333,26379,1,0,0,0,0,1
2342,26379,1,0,0,0,0,1
3757,26808,1,0,0,0,0,1
1469,26808,1,1,0,0,0,1
1470,26808,1,1,0,0,0,1
3637,26808,1,0,0,0,0,1
1471,26808,1,0,0,0,0,1
3641,26808,1,1,0,0,0,1
3640,26808,1,0,0,0,0,1
3639,26808,1,0,0,0,0,1
9694,26808,1,1,0,0,0,1
9695,26808,1,1,1,0,0,1
9696,26808,1,0,0,0,0,1
2677,26973,0,0,0,0,1,0
2672,26973,0,0,1,0,0,0
2676,26973,0,1,0,0,0,0
2709,26973,0,0,0,0,1,0
2710,26973,0,0,0,0,1,0
3707,26984,1,0,0,0,0,0
9634,27116,1,0,0,0,0,1
9635,27116,1,0,0,0,0,1
9638,27116,0,1,0,0,0,1
9639,27116,0,1,0,0,0,1
9640,27116,0,0,1,0,0,1
9642,27116,1,0,1,0,0,1
30264,27391,0,1,0,0,0,1
30266,27391,1,0,0,0,0,1
30262,27391,1,0,0,0,0,1
30263,27391,0,0,1,0,0,1
2732,28271,1,0,0,0,0,0
416,28271,1,0,0,0,0,0
2823,28304,1,1,0,0,0,1
30469,28304,1,0,0,0,0,1
9738,28304,1,0,0,1,0,1
9739,28304,1,0,0,0,0,1
9740,28304,1,0,0,0,0,1
30278,28304,1,0,0,0,0,1
30454,28304,1,0,0,0,0,1
30340,28304,0,0,0,1,0,1
30341,28304,1,0,0,0,0,1
30346,28304,1,0,0,0,0,1
30092,30022,0,1,0,0,0,1
30093,30022,0,1,0,0,0,1
30221,30034,1,0,0,0,0,1
30222,30034,1,0,0,0,0,0
30222,30034,1,0,0,0,0,1
30226,30034,0,0,0,0,1,1
30406,30034,1,0,0,0,0,1
30408,30034,1,0,1,0,0,1
30409,30034,1,0,0,0,0,1
30410,30034,1,0,0,0,0,1
30412,30034,1,0,0,0,0,1
30413,30034,1,0,0,0,0,1
30414,30034,1,0,0,0,0,1
30299,30034,1,0,0,0,0,0
30299,30034,1,0,0,0,0,1
30300,30034,0,1,0,0,0,0
30300,30034,0,1,0,0,0,1
30301,30034,0,1,0,0,0,1
30306,30034,1,0,0,0,0,1
30311,30034,0,0,0,0,1,1
30312,30034,0,0,0,0,1,0
30313,30034,0,0,0,0,1,1
3635,30095,0,1,0,0,0,1
19,30095,0,1,0,0,0,1
30358,30180,1,0,0,0,0,1
30359,30180,1,0,0,0,0,1
30351,30181,1,0,0,0,0,1
30352,30181,1,0,0,0,0,1
30353,30181,1,0,0,0,0,1
30354,30181,1,0,0,0,0,1
30355,30181,1,0,0,0,0,1
30357,30181,1,0,0,0,0,1
30368,30181,1,0,0,0,0,1
30369,30181,1,0,0,0,0,1
30370,30181,1,0,0,0,0,1
30538,30181,1,0,0,0,0,1
30541,30181,1,0,0,0,0,1
30542,30181,1,0,0,0,0,1
30543,30181,1,0,0,0,0,1
30544,30181,1,0,0,0,0,1
30545,30181,1,0,0,0,0,1
30590,30182,0,1,0,0,0,0
30590,30182,0,1,0,0,0,1
30591,30182,0,1,0,0,0,1
30592,30182,0,1,0,0,0,0
30592,30182,0,1,0,0,0,1
30594,30182,0,1,0,0,0,0
30594,30182,0,1,0,0,0,1
30240,30182,0,1,0,0,0,1
30242,30182,0,1,0,0,0,0
30242,30182,0,1,0,0,0,1
30243,30182,0,1,0,0,0,1
30609,30183,1,0,0,0,0,1
30612,30183,1,0,0,0,0,1
30655,30183,1,0,0,0,0,1
30367,30184,1,0,0,0,0,1
30560,30184,1,0,0,0,0,1
30562,30184,0,1,0,0,0,1
30563,30184,1,1,0,0,0,1
30564,30184,0,1,0,0,0,1
30565,30184,0,1,0,0,0,1
30566,30184,1,0,0,0,0,1
30567,30184,1,1,0,0,0,1
30568,30184,1,1,0,0,0,1
30569,30184,1,0,0,0,0,1
30570,30184,1,0,0,0,0,1
30578,30184,0,1,0,0,0,1
30580,30184,1,1,0,0,0,1
30582,30184,1,0,0,0,0,1
30583,30184,1,0,0,0,0,1
30371,30185,1,0,0,0,0,1
30372,30185,1,0,0,0,0,1
30584,30185,1,0,0,0,0,1
30585,30185,1,0,0,0,0,1
30586,30185,1,0,0,0,0,1
30587,30185,1,0,0,0,0,1
30588,30185,1,0,0,0,0,1
30665,30185,1,0,0,0,0,1
30361,30186,1,0,0,0,0,1
30364,30186,1,0,0,0,0,1
30627,30186,1,0,0,0,0,1
30652,30186,0,1,0,0,0,1
30653,30186,0,1,0,0,0,1
30296,30186,0,1,0,0,0,1
30298,30186,0,1,0,0,0,1
30232,30186,0,1,0,0,0,1
30233,30186,0,0,0,0,1,1
30259,30191,0,1,0,0,0,1
30260,30191,0,1,0,0,0,1
30261,30191,1,1,0,0,0,1
30252,30192,0,1,0,0,0,1
9709,62299,1,1,0,0,0,1
9722,62299,0,1,0,0,0,1
9723,62299,1,1,0,0,0,0
30598,62520,1,0,0,0,0,1
30601,62520,1,0,0,0,0,1
9697,62571,0,1,0,0,0,1
9700,62571,1,0,0,1,0,1
4155,10055,0,1,0,0,0,1
4154,10055,0,1,0,0,0,1
728,10885,0,1,0,0,0,1
4210,11925,0,1,0,0,0,1
4211,11925,0,1,0,0,0,1
994,14466,1,0,0,0,0,1
995,14466,1,0,0,0,0,1
996,14466,1,0,0,0,0,1
997,14466,0,1,0,0,0,1
3588,15797,0,1,0,0,0,1
3599,15797,0,0,0,1,0,0
3599,15797,0,0,0,1,0,1
3587,15797,0,0,0,0,1,0
715,16655,0,1,0,0,0,0
718,17587,1,0,0,0,0,1
9362,17599,1,0,0,0,0,1
2530,19328,0,0,1,0,0,0
855,19328,0,1,0,0,0,1
3761,19438,1,0,0,0,0,0
4053,19746,1,0,0,0,0,1
4047,19746,0,0,1,0,0,0
4049,19746,1,0,0,0,0,1
4050,19746,1,0,0,0,0,1
4051,19746,1,0,0,0,0,0
9105,24195,0,1,0,0,0,1
4261,27677,0,0,1,0,0,0
9224,27677,1,0,0,0,0,1
727,27765,0,1,0,0,0,0
4054,62466,1,0,0,0,0,0
4046,62466,0,0,1,0,0,0
856,62469,0,1,0,0,0,1
9363,62583,1,0,0,0,0,0
